<!DOCTYPE weblogic-web-app PUBLIC "-//BEA Systems, Inc.//DTD Web Application 8.1//EN" "http://www.bea.com/servers/wls810/dtd/weblogic810-web-jar.dtd">

<weblogic-web-app>




  <jsp-descriptor>
    <jsp-param>
      <param-name>compileCommand</param-name>
      <param-value>javac</param-value>
    </jsp-param>
    <jsp-param>
      <param-name>workingDir</param-name>
      <param-value>C:\Users\win8\AppData\Local\Temp\</param-value>
    </jsp-param>
    <jsp-param>
      <param-name>keepgenerated</param-name>
      <param-value>true</param-value>
    </jsp-param>
    <jsp-param>
      <param-name>pageCheckSeconds</param-name>
      <param-value>5</param-value>
    </jsp-param>
  </jsp-descriptor>




</weblogic-web-app>

