<?xml version="1.0" encoding="UTF-8"?>
<!DOCTYPE hibernate-configuration PUBLIC
"-//hibernate/hibernateconfiguration dtd2.0//en"
"http://hibernate.sourceforge.net/hibernate-configuration-2.0.dtd">
<hibernate-configuration>
<session-factory>
<property name="hibernate.connection.driver.class">sun.jdbc.odbc.JdbcOdbcDriver</property>
<property name="hibernate.connection.url">jdbc:odbc:charan143</property>
<property name="dialect">org.hibernate.dialect.SQLServerDialect</property>
<property name="hibernate.hbm2ddl.auto">create</property>

<mapping resource="hansika.hbm.xml"></mapping>

</session-factory>
</hibernate-configuration>