<?xml version='1.0' encoding='UTF-8'?>
<!DOCTYPE hibernate-configuration PUBLIC
"-//Hibernate/Hibernate Configuration DTD 3.0//EN"
"http://hibernate.sourceforge.net/hibernate-configuration-3.0.dtd">
 
<hibernate-configuration>
<session-factory>
<property name="connection.driver.class">sun.jdbc.odbc.JdbcOdbcDriver</property>
<property name="connection.url">jdbc:odbc:sandip</property>
<property name="dialect">org.hibernate.dialect.SQLServerDialect</property>
<property name="show_sql">true</property>
<property name="hbm2ddl.auto">delete</property>
 
<mapping resource="Product.hbm.xml"></mapping>
</session-factory>
</hibernate-configuration>